user_id,timestamp,page_url,referrer,event_type,device_type,location
1,2025-08-28T16:08:04,/cart,/products,add_to_cart,Desktop,India
2,2025-08-28T15:28:45,/product/102,/product/102,pageview,Tablet,Australia
3,2025-08-28T10:21:00,/product/101,/product/101,pageview,Tablet,Canada
4,2025-08-28T13:04:15,/checkout,/product/103,add_to_cart,Desktop,UK
5,2025-08-28T13:07:08,/product/102,/cart,add_to_cart,Desktop,Canada
6,2025-08-28T17:26:22,/offers,/offers,click,Tablet,Canada
7,2025-08-28T09:03:40,/checkout,/checkout,add_to_cart,Desktop,UK
8,2025-08-28T09:02:58,/checkout,/offers,click,Tablet,UK
9,2025-08-28T14:58:38,/offers,/product/101,click,Mobile,USA
10,2025-08-28T12:41:53,/product/101,/offers,click,Mobile,Canada
11,2025-08-28T14:59:46,/product/102,/offers,click,Desktop,Australia
12,2025-08-28T13:50:55,/cart,/home,click,Desktop,Canada
13,2025-08-28T16:36:39,/cart,/product/102,click,Desktop,Canada
14,2025-08-28T16:36:57,/home,/offers,pageview,Tablet,India
15,2025-08-28T11:28:54,/product/102,/product/102,pageview,Desktop,Australia
16,2025-08-28T16:37:48,/product/102,/home,add_to_cart,Desktop,USA
17,2025-08-28T11:30:39,/offers,/home,add_to_cart,Mobile,Australia
18,2025-08-28T14:09:08,/cart,/product/102,pageview,Mobile,UK
19,2025-08-28T17:09:36,/product/103,/cart,pageview,Mobile,Germany
20,2025-08-28T12:29:48,/product/103,/checkout,add_to_cart,Tablet,Canada
21,2025-08-28T17:08:20,/cart,/checkout,click,Mobile,Germany
22,2025-08-28T15:57:41,/product/102,/products,pageview,Tablet,Germany
23,2025-08-28T09:08:33,/checkout,/product/101,pageview,Mobile,India
24,2025-08-28T18:18:56,/checkout,/product/103,click,Tablet,Germany
25,2025-08-28T15:26:46,/products,/product/101,pageview,Mobile,Canada
26,2025-08-28T15:26:57,/product/102,/products,add_to_cart,Mobile,Germany
27,2025-08-28T15:56:35,/checkout,/checkout,add_to_cart,Tablet,UK
28,2025-08-28T18:18:55,/product/102,/home,click,Desktop,Germany
29,2025-08-28T10:30:35,/product/103,/checkout,pageview,Mobile,Germany
30,2025-08-28T15:56:27,/home,/checkout,pageview,Desktop,Canada
31,2025-08-28T09:20:55,/products,/product/101,pageview,Desktop,India
32,2025-08-28T13:30:00,/products,/product/102,add_to_cart,Mobile,India
33,2025-08-28T14:18:30,/cart,/product/103,click,Desktop,Australia
34,2025-08-28T14:18:15,/checkout,/product/102,click,Tablet,Australia
35,2025-08-28T13:29:36,/offers,/offers,pageview,Tablet,India
36,2025-08-28T13:47:52,/home,/product/103,add_to_cart,Tablet,India
37,2025-08-28T13:30:48,/offers,/product/103,pageview,Mobile,USA
38,2025-08-28T13:46:30,/cart,/product/102,pageview,Tablet,India
39,2025-08-28T14:24:45,/product/102,/product/101,add_to_cart,Desktop,Canada
40,2025-08-28T10:30:44,/product/101,/product/102,click,Tablet,India
41,2025-08-28T18:09:19,/product/101,/products,pageview,Mobile,USA
42,2025-08-28T14:18:54,/home,/cart,click,Desktop,UK
43,2025-08-28T09:04:51,/product/103,/product/103,add_to_cart,Desktop,Australia
44,2025-08-28T18:52:30,/products,/home,click,Mobile,UK
45,2025-08-28T09:06:24,/product/101,/product/103,add_to_cart,Tablet,UK
46,2025-08-28T18:48:06,/offers,/cart,pageview,Desktop,USA
47,2025-08-28T18:48:30,/checkout,/offers,pageview,Desktop,UK
48,2025-08-28T14:30:12,/product/101,/home,click,Mobile,UK
49,2025-08-28T14:34:55,/home,/products,click,Tablet,Australia
50,2025-08-28T15:43:24,/offers,/checkout,pageview,Mobile,Germany
51,2025-08-28T14:22:45,/product/102,/products,add_to_cart,Mobile,Australia
52,2025-08-28T17:50:12,/cart,/home,click,Desktop,Germany
53,2025-08-28T17:53:06,/checkout,/checkout,click,Tablet,India
54,2025-08-28T11:28:46,/home,/checkout,click,Desktop,USA
55,2025-08-28T15:42:36,/product/102,/product/101,pageview,Tablet,UK
56,2025-08-28T17:48:54,/home,/offers,click,Desktop,USA
57,2025-08-28T09:55:16,/checkout,/products,add_to_cart,Desktop,Germany
58,2025-08-28T10:26:05,/products,/product/102,pageview,Mobile,USA
59,2025-08-28T10:27:36,/cart,/cart,click,Tablet,Germany
60,2025-08-28T18:07:56,/product/101,/product/102,add_to_cart,Mobile,Germany
61,2025-08-28T10:29:25,/checkout,/cart,pageview,Tablet,Canada
62,2025-08-28T18:06:30,/product/101,/product/102,pageview,Mobile,Germany
63,2025-08-28T18:05:38,/cart,/home,add_to_cart,Tablet,Australia
64,2025-08-28T14:07:58,/checkout,/checkout,add_to_cart,Tablet,India
65,2025-08-28T14:09:56,/checkout,/cart,add_to_cart,Desktop,Australia
66,2025-08-28T13:09:24,/product/103,/product/102,add_to_cart,Tablet,USA
67,2025-08-28T13:10:50,/product/102,/home,add_to_cart,Desktop,Australia
68,2025-08-28T13:28:09,/products,/product/103,add_to_cart,Desktop,Canada
69,2025-08-28T17:53:18,/product/101,/checkout,add_to_cart,Mobile,UK
70,2025-08-28T16:02:20,/product/103,/home,pageview,Mobile,Canada
71,2025-08-28T14:59:00,/offers,/home,click,Mobile,Australia
72,2025-08-28T12:12:32,/products,/cart,add_to_cart,Tablet,Canada
73,2025-08-28T18:24:12,/product/101,/home,click,Mobile,Germany
74,2025-08-28T18:22:51,/home,/offers,add_to_cart,Desktop,UK
75,2025-08-28T12:13:12,/product/101,/products,add_to_cart,Tablet,Australia
76,2025-08-28T14:43:33,/product/101,/product/101,add_to_cart,Mobile,India
77,2025-08-28T10:24:16,/offers,/products,pageview,Desktop,Australia
78,2025-08-28T12:14:28,/products,/checkout,pageview,Mobile,Australia
79,2025-08-28T14:32:05,/product/102,/home,click,Tablet,Canada
80,2025-08-28T16:35:28,/cart,/product/102,click,Desktop,Australia
81,2025-08-28T16:33:43,/offers,/cart,click,Desktop,UK
82,2025-08-28T10:15:44,/cart,/offers,pageview,Tablet,UK
83,2025-08-28T13:08:26,/home,/cart,click,Desktop,Germany
84,2025-08-28T14:58:56,/offers,/products,add_to_cart,Mobile,UK
85,2025-08-28T14:58:16,/product/101,/product/102,click,Desktop,Canada
86,2025-08-28T18:05:20,/checkout,/product/102,add_to_cart,Desktop,Australia
87,2025-08-28T13:23:54,/cart,/product/103,pageview,Tablet,Germany
88,2025-08-28T14:30:54,/checkout,/product/103,pageview,Desktop,Canada
89,2025-08-28T13:26:20,/product/103,/cart,add_to_cart,Desktop,Canada
90,2025-08-28T11:54:39,/product/103,/home,click,Desktop,India
91,2025-08-28T11:55:55,/cart,/product/101,click,Tablet,Canada
92,2025-08-28T13:32:15,/home,/offers,pageview,Desktop,India
93,2025-08-28T13:29:00,/offers,/product/103,pageview,Mobile,USA
94,2025-08-28T10:59:52,/product/103,/product/103,click,Tablet,USA
95,2025-08-28T10:56:33,/home,/cart,add_to_cart,Mobile,Australia
96,2025-08-28T11:00:18,/home,/offers,add_to_cart,Tablet,Canada
97,2025-08-28T16:25:10,/products,/products,pageview,Tablet,USA
98,2025-08-28T10:59:30,/offers,/offers,add_to_cart,Tablet,Germany
99,2025-08-28T14:43:51,/product/103,/checkout,pageview,Tablet,India
100,2025-08-28T18:31:30,/home,/product/103,add_to_cart,Tablet,Australia
101,2025-08-28T18:31:48,/product/102,/home,click,Desktop,USA
102,2025-08-28T18:32:00,/products,/product/102,click,Mobile,USA
103,2025-08-28T18:31:59,/product/103,/product/101,add_to_cart,Mobile,UK
104,2025-08-28T11:18:39,/offers,/product/103,click,Mobile,Germany
105,2025-08-28T15:10:54,/products,/offers,add_to_cart,Tablet,USA
106,2025-08-28T13:25:32,/cart,/checkout,click,Tablet,USA
107,2025-08-28T13:25:44,/home,/cart,click,Mobile,India
108,2025-08-28T18:14:52,/home,/products,pageview,Desktop,Canada
109,2025-08-28T16:19:18,/products,/product/103,pageview,Desktop,USA
110,2025-08-28T13:26:03,/checkout,/home,click,Desktop,Germany
111,2025-08-28T16:18:52,/offers,/offers,add_to_cart,Tablet,India
112,2025-08-28T16:38:50,/cart,/product/101,add_to_cart,Mobile,Germany
113,2025-08-28T17:50:44,/product/102,/checkout,click,Desktop,Australia
114,2025-08-28T10:24:52,/product/101,/checkout,add_to_cart,Desktop,Australia
115,2025-08-28T18:55:56,/product/103,/product/103,pageview,Desktop,UK
116,2025-08-28T16:38:34,/checkout,/product/101,pageview,Tablet,Australia
117,2025-08-28T16:40:07,/checkout,/home,pageview,Mobile,UK
118,2025-08-28T15:13:30,/product/103,/offers,click,Tablet,Australia
119,2025-08-28T13:18:48,/home,/product/101,pageview,Mobile,Germany
120,2025-08-28T17:47:04,/home,/offers,pageview,Tablet,India
121,2025-08-28T18:56:04,/cart,/cart,pageview,Mobile,Australia
122,2025-08-28T11:42:24,/offers,/product/102,click,Mobile,India
123,2025-08-28T12:00:19,/home,/home,pageview,Tablet,Germany
124,2025-08-28T12:45:40,/cart,/product/101,add_to_cart,Desktop,USA
125,2025-08-28T12:27:42,/product/103,/checkout,pageview,Tablet,UK
126,2025-08-28T12:53:20,/home,/checkout,click,Desktop,USA
127,2025-08-28T15:24:59,/product/102,/product/102,add_to_cart,Tablet,Germany
128,2025-08-28T13:16:54,/checkout,/products,pageview,Tablet,Germany
129,2025-08-28T17:34:11,/cart,/product/103,click,Mobile,Canada
130,2025-08-28T16:05:06,/home,/product/102,add_to_cart,Tablet,India
131,2025-08-28T17:42:52,/products,/product/102,pageview,Mobile,India
132,2025-08-28T11:28:23,/products,/product/102,click,Mobile,UK
133,2025-08-28T15:30:38,/product/102,/checkout,pageview,Desktop,UK
134,2025-08-28T12:10:40,/offers,/offers,add_to_cart,Mobile,USA
135,2025-08-28T12:29:12,/products,/cart,pageview,Desktop,USA
136,2025-08-28T18:44:30,/offers,/offers,click,Mobile,Australia
137,2025-08-28T10:14:52,/product/101,/product/103,add_to_cart,Mobile,USA
138,2025-08-28T18:45:36,/checkout,/offers,add_to_cart,Desktop,USA
139,2025-08-28T11:37:42,/cart,/cart,add_to_cart,Mobile,USA
140,2025-08-28T09:19:45,/product/103,/cart,pageview,Tablet,USA
141,2025-08-28T11:34:21,/home,/home,click,Mobile,USA
142,2025-08-28T18:25:25,/offers,/product/101,pageview,Tablet,Germany
143,2025-08-28T11:42:48,/cart,/home,pageview,Mobile,India
144,2025-08-28T09:32:24,/offers,/checkout,add_to_cart,Tablet,USA
145,2025-08-28T17:22:00,/home,/offers,pageview,Desktop,USA
146,2025-08-28T13:55:42,/product/102,/checkout,add_to_cart,Tablet,Germany
147,2025-08-28T13:55:33,/products,/product/102,add_to_cart,Tablet,Germany
148,2025-08-28T09:31:16,/products,/offers,pageview,Desktop,Australia
149,2025-08-28T09:31:42,/checkout,/products,pageview,Mobile,Canada
150,2025-08-28T11:04:32,/offers,/product/101,pageview,Tablet,India
151,2025-08-28T14:27:46,/home,/checkout,add_to_cart,Desktop,Canada
152,2025-08-28T11:07:07,/home,/product/103,click,Desktop,Canada
153,2025-08-28T14:35:34,/products,/products,pageview,Desktop,Australia
154,2025-08-28T18:24:00,/checkout,/cart,pageview,Mobile,UK
155,2025-08-28T18:23:32,/product/101,/offers,click,Mobile,Australia
156,2025-08-28T18:24:26,/checkout,/product/101,pageview,Desktop,UK
157,2025-08-28T18:41:53,/product/103,/checkout,add_to_cart,Desktop,India
158,2025-08-28T11:31:15,/cart,/product/101,pageview,Desktop,India
159,2025-08-28T10:04:54,/checkout,/product/101,pageview,Mobile,India
160,2025-08-28T09:11:22,/product/101,/home,click,Mobile,Canada
161,2025-08-28T10:06:18,/products,/checkout,add_to_cart,Tablet,India
162,2025-08-28T09:22:16,/product/103,/offers,pageview,Desktop,India
163,2025-08-28T11:31:16,/products,/products,add_to_cart,Mobile,Germany
164,2025-08-28T10:19:22,/products,/product/102,add_to_cart,Tablet,Germany
165,2025-08-28T17:43:27,/offers,/home,pageview,Mobile,USA
166,2025-08-28T09:27:16,/products,/checkout,pageview,Tablet,Canada
167,2025-08-28T09:27:57,/product/101,/products,click,Desktop,India
168,2025-08-28T09:26:31,/checkout,/product/103,add_to_cart,Tablet,India
169,2025-08-28T15:11:20,/product/101,/product/103,click,Desktop,USA
170,2025-08-28T17:47:54,/cart,/product/102,click,Desktop,UK
171,2025-08-28T17:56:06,/home,/offers,pageview,Tablet,India
172,2025-08-28T15:40:08,/product/103,/home,pageview,Mobile,Australia
173,2025-08-28T09:09:15,/cart,/offers,add_to_cart,Tablet,Canada
174,2025-08-28T17:35:28,/cart,/product/103,pageview,Mobile,USA
175,2025-08-28T16:20:16,/checkout,/product/103,click,Desktop,UK
176,2025-08-28T14:35:33,/offers,/offers,pageview,Mobile,USA
177,2025-08-28T17:38:32,/product/103,/home,add_to_cart,Desktop,Germany
178,2025-08-28T17:39:09,/cart,/product/103,pageview,Mobile,Canada
179,2025-08-28T15:07:18,/product/103,/product/103,click,Desktop,UK
180,2025-08-28T10:35:56,/products,/checkout,click,Tablet,Germany
181,2025-08-28T09:24:50,/cart,/product/102,click,Tablet,India
182,2025-08-28T09:25:18,/checkout,/cart,pageview,Desktop,Australia
183,2025-08-28T14:15:15,/offers,/home,click,Tablet,India
184,2025-08-28T14:13:51,/products,/offers,add_to_cart,Desktop,USA
185,2025-08-28T14:15:12,/product/103,/offers,pageview,Desktop,USA
186,2025-08-28T14:08:24,/product/103,/home,pageview,Tablet,India
187,2025-08-28T10:41:26,/product/103,/product/101,click,Desktop,Germany
188,2025-08-28T17:48:45,/product/103,/checkout,click,Desktop,Australia
189,2025-08-28T15:23:05,/products,/home,add_to_cart,Desktop,Canada
190,2025-08-28T09:36:30,/checkout,/product/103,pageview,Tablet,Australia
191,2025-08-28T15:17:28,/offers,/offers,pageview,Desktop,Australia
192,2025-08-28T15:57:30,/product/102,/checkout,click,Mobile,Germany
193,2025-08-28T17:32:16,/offers,/checkout,add_to_cart,Mobile,USA
194,2025-08-28T17:33:42,/product/101,/offers,pageview,Tablet,USA
195,2025-08-28T13:50:15,/cart,/product/103,add_to_cart,Tablet,USA
196,2025-08-28T14:27:04,/home,/product/103,add_to_cart,Desktop,India
197,2025-08-28T10:53:52,/checkout,/product/102,click,Tablet,Germany
198,2025-08-28T11:55:26,/products,/product/101,click,Mobile,Australia
199,2025-08-28T11:54:12,/product/101,/offers,click,Mobile,Canada
200,2025-08-28T11:50:38,/products,/products,click,Mobile,UK
201,2025-08-28T17:17:42,/product/103,/home,add_to_cart,Mobile,Australia
202,2025-08-28T12:47:39,/home,/offers,click,Desktop,Canada
203,2025-08-28T11:54:40,/home,/home,add_to_cart,Mobile,Canada
204,2025-08-28T11:51:36,/cart,/products,click,Desktop,Australia
205,2025-08-28T17:17:35,/product/103,/home,click,Desktop,UK
206,2025-08-28T13:35:03,/products,/home,click,Desktop,Canada
207,2025-08-28T14:12:19,/products,/products,pageview,Tablet,India
208,2025-08-28T13:34:28,/products,/products,pageview,Desktop,USA
209,2025-08-28T11:21:32,/offers,/offers,click,Mobile,Australia
210,2025-08-28T14:14:30,/checkout,/checkout,add_to_cart,Mobile,Australia
211,2025-08-28T10:59:21,/products,/offers,click,Mobile,Australia
212,2025-08-28T17:30:48,/product/101,/product/101,click,Mobile,India
213,2025-08-28T18:18:59,/product/103,/product/103,click,Mobile,Australia
214,2025-08-28T14:56:00,/product/101,/product/102,click,Mobile,Australia
215,2025-08-28T18:14:43,/product/103,/product/102,pageview,Tablet,USA
216,2025-08-28T14:51:24,/product/102,/cart,pageview,Desktop,Australia
217,2025-08-28T14:15:40,/checkout,/products,pageview,Mobile,Australia
218,2025-08-28T14:15:18,/products,/checkout,add_to_cart,Mobile,Canada
219,2025-08-28T16:57:08,/offers,/cart,click,Mobile,USA
220,2025-08-28T11:58:57,/checkout,/home,click,Tablet,Germany
221,2025-08-28T11:28:00,/home,/product/102,pageview,Mobile,Australia
222,2025-08-28T11:38:27,/checkout,/offers,pageview,Tablet,Canada
223,2025-08-28T11:47:32,/checkout,/product/102,click,Desktop,India
224,2025-08-28T09:29:10,/product/103,/offers,click,Desktop,Australia
225,2025-08-28T09:30:32,/offers,/product/101,click,Desktop,India
226,2025-08-28T09:30:42,/product/101,/product/103,add_to_cart,Mobile,Australia
227,2025-08-28T09:30:30,/cart,/product/101,pageview,Mobile,USA
228,2025-08-28T09:25:08,/products,/products,add_to_cart,Tablet,Germany
229,2025-08-28T14:19:25,/product/101,/product/101,pageview,Desktop,Canada
230,2025-08-28T09:26:24,/offers,/product/103,pageview,Desktop,USA
231,2025-08-28T09:24:08,/products,/products,pageview,Tablet,India
232,2025-08-28T09:26:00,/home,/products,pageview,Mobile,Australia
233,2025-08-28T19:00:20,/product/102,/product/102,pageview,Mobile,Canada
234,2025-08-28T17:41:57,/home,/offers,click,Tablet,Australia
235,2025-08-28T17:07:16,/checkout,/product/102,add_to_cart,Mobile,India
236,2025-08-28T11:22:36,/offers,/product/101,pageview,Tablet,India
237,2025-08-28T11:20:28,/product/101,/offers,pageview,Desktop,USA
238,2025-08-28T11:23:20,/products,/products,click,Desktop,Australia
239,2025-08-28T09:29:48,/home,/product/103,add_to_cart,Mobile,Australia
240,2025-08-28T09:28:46,/product/103,/cart,pageview,Tablet,India
241,2025-08-28T13:30:18,/product/102,/product/101,pageview,Tablet,USA
242,2025-08-28T09:52:41,/product/101,/products,pageview,Mobile,Germany
243,2025-08-28T11:22:05,/home,/cart,click,Tablet,Canada
244,2025-08-28T13:25:52,/products,/home,click,Desktop,USA
245,2025-08-28T11:21:28,/products,/cart,click,Mobile,USA
246,2025-08-28T13:00:49,/home,/product/102,pageview,Tablet,Germany
247,2025-08-28T09:21:28,/cart,/product/102,pageview,Tablet,India
248,2025-08-28T10:33:50,/product/103,/product/103,pageview,Desktop,India
249,2025-08-28T09:21:16,/cart,/cart,click,Tablet,USA
250,2025-08-28T09:24:15,/checkout,/products,pageview,Desktop,Australia
251,2025-08-28T09:26:30,/home,/checkout,add_to_cart,Tablet,India
252,2025-08-28T09:16:16,/checkout,/product/102,click,Desktop,Australia
253,2025-08-28T16:29:14,/product/101,/product/103,add_to_cart,Mobile,UK
254,2025-08-28T11:50:30,/product/103,/home,add_to_cart,Tablet,USA
255,2025-08-28T09:27:45,/product/103,/checkout,click,Tablet,India
256,2025-08-28T09:25:36,/checkout,/products,pageview,Tablet,Germany
257,2025-08-28T09:26:14,/checkout,/checkout,pageview,Mobile,India
258,2025-08-28T16:38:58,/offers,/products,pageview,Tablet,India
259,2025-08-28T16:38:37,/products,/product/103,pageview,Mobile,UK
260,2025-08-28T09:54:41,/checkout,/cart,add_to_cart,Mobile,USA
261,2025-08-28T15:08:39,/home,/product/101,pageview,Desktop,Canada
262,2025-08-28T16:40:35,/product/103,/home,add_to_cart,Tablet,USA
263,2025-08-28T09:54:48,/checkout,/checkout,pageview,Tablet,USA
264,2025-08-28T16:02:12,/product/102,/checkout,click,Tablet,UK
265,2025-08-28T18:21:00,/home,/product/101,pageview,Mobile,Canada
266,2025-08-28T14:29:22,/product/101,/product/102,click,Mobile,Australia
267,2025-08-28T17:05:15,/product/101,/checkout,click,Mobile,Germany
268,2025-08-28T10:16:45,/product/103,/offers,pageview,Mobile,UK
269,2025-08-28T17:04:40,/product/101,/offers,add_to_cart,Desktop,Germany
270,2025-08-28T14:29:32,/product/101,/offers,pageview,Mobile,India
271,2025-08-28T14:10:26,/product/102,/product/101,click,Tablet,USA
272,2025-08-28T16:48:04,/products,/product/102,add_to_cart,Desktop,USA
273,2025-08-28T16:47:29,/offers,/products,add_to_cart,Tablet,Canada
274,2025-08-28T16:48:24,/products,/offers,add_to_cart,Mobile,Germany
275,2025-08-28T10:28:26,/products,/checkout,pageview,Desktop,UK
276,2025-08-28T15:10:51,/home,/product/102,click,Tablet,Canada
277,2025-08-28T11:20:12,/home,/product/103,add_to_cart,Tablet,USA
278,2025-08-28T09:09:58,/checkout,/product/102,click,Desktop,USA
279,2025-08-28T11:03:53,/offers,/cart,click,Desktop,UK
280,2025-08-28T17:44:32,/products,/checkout,pageview,Desktop,UK
281,2025-08-28T17:46:51,/checkout,/home,click,Tablet,USA
282,2025-08-28T10:24:54,/product/103,/product/101,click,Desktop,India
283,2025-08-28T17:36:33,/home,/checkout,click,Mobile,UK
284,2025-08-28T11:23:58,/offers,/products,pageview,Tablet,UK
285,2025-08-28T11:22:21,/products,/home,add_to_cart,Mobile,USA
286,2025-08-28T09:58:12,/cart,/product/101,pageview,Mobile,UK
287,2025-08-28T13:29:24,/cart,/checkout,pageview,Tablet,Australia
288,2025-08-28T10:26:12,/product/101,/checkout,pageview,Tablet,India
289,2025-08-28T13:48:40,/product/101,/home,pageview,Tablet,Australia
290,2025-08-28T12:50:46,/product/101,/product/103,add_to_cart,Desktop,Australia
291,2025-08-28T13:47:51,/home,/offers,click,Mobile,Australia
292,2025-08-28T16:50:05,/offers,/products,pageview,Desktop,Canada
293,2025-08-28T14:16:08,/product/102,/checkout,add_to_cart,Mobile,Germany
294,2025-08-28T15:18:34,/home,/checkout,click,Desktop,India
295,2025-08-28T14:12:21,/product/102,/cart,add_to_cart,Mobile,India
296,2025-08-28T10:30:51,/checkout,/products,click,Mobile,USA
297,2025-08-28T10:58:55,/products,/offers,click,Tablet,Germany
298,2025-08-28T10:58:06,/cart,/products,add_to_cart,Mobile,UK
299,2025-08-28T09:33:36,/products,/offers,pageview,Tablet,India
300,2025-08-28T10:56:56,/offers,/product/102,add_to_cart,Mobile,Germany
301,2025-08-28T09:34:46,/offers,/products,add_to_cart,Tablet,India
302,2025-08-28T11:21:22,/product/103,/product/101,click,Mobile,Australia
303,2025-08-28T11:23:45,/cart,/offers,pageview,Mobile,USA
304,2025-08-28T16:14:05,/home,/offers,add_to_cart,Tablet,USA
305,2025-08-28T11:21:18,/products,/product/103,pageview,Mobile,Canada
306,2025-08-28T16:16:20,/cart,/home,click,Tablet,Canada
307,2025-08-28T12:12:20,/product/103,/checkout,click,Desktop,Canada
308,2025-08-28T17:05:20,/checkout,/product/102,click,Desktop,Australia
309,2025-08-28T17:02:48,/cart,/products,add_to_cart,Mobile,Germany
310,2025-08-28T12:13:21,/checkout,/product/103,add_to_cart,Tablet,Australia
311,2025-08-28T17:04:40,/product/102,/cart,click,Mobile,India
312,2025-08-28T15:38:16,/checkout,/product/103,pageview,Mobile,Australia
313,2025-08-28T10:59:00,/cart,/offers,add_to_cart,Mobile,Canada
314,2025-08-28T17:26:44,/product/102,/product/101,add_to_cart,Mobile,Australia
315,2025-08-28T11:55:32,/products,/product/102,add_to_cart,Mobile,India
316,2025-08-28T11:56:33,/product/102,/offers,click,Desktop,Canada
317,2025-08-28T13:56:46,/cart,/checkout,add_to_cart,Tablet,Canada
318,2025-08-28T11:55:16,/offers,/products,click,Tablet,UK
319,2025-08-28T12:44:37,/cart,/offers,pageview,Mobile,Australia
320,2025-08-28T12:44:42,/products,/checkout,pageview,Desktop,Australia
321,2025-08-28T18:31:42,/product/101,/product/102,click,Tablet,Canada
322,2025-08-28T12:42:00,/home,/product/101,click,Tablet,Canada
323,2025-08-28T14:23:50,/products,/offers,click,Tablet,Canada
324,2025-08-28T18:31:48,/products,/home,click,Tablet,Germany
325,2025-08-28T12:42:00,/product/103,/product/102,click,Desktop,UK
326,2025-08-28T14:21:33,/product/101,/home,pageview,Desktop,UK
327,2025-08-28T09:04:13,/product/102,/product/101,pageview,Mobile,Australia
328,2025-08-28T09:05:09,/products,/cart,click,Tablet,India
329,2025-08-28T16:32:28,/product/101,/product/103,add_to_cart,Mobile,UK
330,2025-08-28T11:30:45,/products,/product/101,pageview,Mobile,Canada
331,2025-08-28T16:17:44,/offers,/product/102,click,Desktop,USA
332,2025-08-28T16:21:10,/home,/offers,add_to_cart,Desktop,UK
333,2025-08-28T17:56:21,/checkout,/home,add_to_cart,Desktop,USA
334,2025-08-28T17:56:34,/home,/offers,click,Desktop,UK
335,2025-08-28T17:56:28,/product/101,/checkout,pageview,Tablet,India
336,2025-08-28T11:20:51,/checkout,/products,click,Mobile,UK
337,2025-08-28T18:25:39,/offers,/offers,add_to_cart,Desktop,USA
338,2025-08-28T12:19:24,/offers,/product/102,add_to_cart,Desktop,Germany
339,2025-08-28T12:19:12,/product/102,/checkout,pageview,Desktop,UK
340,2025-08-28T12:21:16,/cart,/offers,click,Desktop,UK
341,2025-08-28T12:21:50,/checkout,/cart,add_to_cart,Mobile,Australia
342,2025-08-28T12:09:30,/product/102,/product/103,add_to_cart,Tablet,Germany
343,2025-08-28T12:25:02,/product/101,/offers,add_to_cart,Desktop,Germany
344,2025-08-28T12:21:25,/product/103,/checkout,pageview,Desktop,Germany
345,2025-08-28T12:21:30,/product/101,/cart,add_to_cart,Tablet,Australia
346,2025-08-28T15:43:44,/cart,/product/101,click,Desktop,USA
347,2025-08-28T15:25:02,/product/101,/checkout,add_to_cart,Mobile,Australia
348,2025-08-28T18:22:10,/offers,/checkout,add_to_cart,Desktop,USA
349,2025-08-28T12:26:42,/offers,/product/103,click,Tablet,UK
350,2025-08-28T17:22:40,/cart,/checkout,click,Tablet,Australia
351,2025-08-28T09:57:18,/product/101,/products,add_to_cart,Desktop,India
352,2025-08-28T13:56:05,/products,/cart,click,Desktop,UK
353,2025-08-28T18:19:40,/product/101,/home,pageview,Tablet,Canada
354,2025-08-28T13:54:54,/product/102,/products,click,Mobile,USA
355,2025-08-28T13:33:09,/cart,/product/102,add_to_cart,Tablet,Canada
356,2025-08-28T16:38:36,/offers,/product/101,click,Desktop,USA
357,2025-08-28T18:12:18,/product/103,/offers,click,Tablet,UK
358,2025-08-28T18:10:56,/cart,/checkout,pageview,Desktop,India
359,2025-08-28T10:08:10,/product/101,/cart,pageview,Tablet,Australia
360,2025-08-28T16:18:42,/product/103,/checkout,pageview,Tablet,India
361,2025-08-28T10:08:18,/product/103,/product/101,pageview,Desktop,Australia
362,2025-08-28T10:09:10,/cart,/offers,add_to_cart,Mobile,USA
363,2025-08-28T10:08:40,/offers,/product/103,click,Tablet,UK
364,2025-08-28T16:19:32,/product/103,/product/103,add_to_cart,Tablet,UK
365,2025-08-28T10:08:50,/cart,/cart,pageview,Desktop,UK
366,2025-08-28T16:20:45,/offers,/product/103,pageview,Tablet,USA
367,2025-08-28T18:08:38,/product/103,/offers,click,Tablet,Australia
368,2025-08-28T18:10:05,/product/101,/cart,add_to_cart,Mobile,India
369,2025-08-28T17:12:28,/products,/product/102,pageview,Mobile,Australia
370,2025-08-28T17:12:08,/product/101,/product/101,click,Desktop,Germany
371,2025-08-28T11:12:30,/checkout,/product/103,add_to_cart,Tablet,USA
372,2025-08-28T11:14:12,/checkout,/products,click,Mobile,Australia
373,2025-08-28T09:44:15,/products,/checkout,pageview,Desktop,Canada
374,2025-08-28T11:09:48,/product/103,/cart,click,Tablet,Canada
375,2025-08-28T14:48:34,/product/102,/product/102,click,Tablet,USA
376,2025-08-28T12:56:30,/product/101,/product/102,click,Tablet,UK
377,2025-08-28T12:55:30,/product/101,/product/101,add_to_cart,Tablet,India
378,2025-08-28T09:41:12,/checkout,/offers,pageview,Tablet,UK
379,2025-08-28T11:10:00,/product/101,/product/103,click,Mobile,Germany
380,2025-08-28T17:24:44,/product/103,/product/103,add_to_cart,Mobile,India
381,2025-08-28T17:25:00,/product/102,/offers,click,Tablet,Australia
382,2025-08-28T14:37:03,/products,/products,add_to_cart,Desktop,Canada
383,2025-08-28T12:53:40,/offers,/product/102,pageview,Desktop,USA
384,2025-08-28T12:54:18,/checkout,/offers,pageview,Desktop,USA
385,2025-08-28T15:36:46,/products,/offers,click,Tablet,India
386,2025-08-28T13:39:02,/products,/products,add_to_cart,Desktop,Australia
387,2025-08-28T10:39:42,/product/103,/product/103,add_to_cart,Desktop,USA
388,2025-08-28T10:37:21,/products,/cart,pageview,Desktop,USA
389,2025-08-28T16:05:20,/product/103,/product/103,click,Desktop,Germany
390,2025-08-28T16:21:20,/product/103,/product/102,click,Mobile,USA
391,2025-08-28T18:56:27,/checkout,/offers,add_to_cart,Mobile,USA
392,2025-08-28T18:44:30,/home,/cart,add_to_cart,Mobile,India
393,2025-08-28T11:12:34,/checkout,/checkout,add_to_cart,Mobile,Canada
394,2025-08-28T13:10:21,/product/101,/product/101,pageview,Tablet,UK
395,2025-08-28T13:08:22,/product/101,/cart,add_to_cart,Tablet,UK
396,2025-08-28T15:44:15,/checkout,/checkout,click,Tablet,Australia
397,2025-08-28T09:32:36,/product/102,/cart,pageview,Mobile,Australia
398,2025-08-28T15:48:00,/cart,/cart,click,Tablet,UK
399,2025-08-28T15:45:04,/cart,/product/102,add_to_cart,Tablet,Canada
400,2025-08-28T18:50:40,/product/103,/checkout,click,Desktop,USA
401,2025-08-28T09:28:42,/product/103,/home,add_to_cart,Desktop,Australia
402,2025-08-28T16:23:52,/product/102,/checkout,click,Tablet,India
403,2025-08-28T16:23:28,/products,/cart,add_to_cart,Mobile,India
404,2025-08-28T15:07:02,/offers,/offers,add_to_cart,Mobile,USA
405,2025-08-28T09:26:32,/checkout,/product/103,pageview,Desktop,Germany
406,2025-08-28T12:19:46,/checkout,/product/102,pageview,Mobile,Australia
407,2025-08-28T13:49:18,/checkout,/offers,click,Tablet,Canada
408,2025-08-28T13:49:42,/offers,/product/101,add_to_cart,Desktop,India
409,2025-08-28T12:13:12,/cart,/product/103,add_to_cart,Mobile,Canada
410,2025-08-28T15:56:17,/checkout,/cart,pageview,Tablet,USA
411,2025-08-28T17:52:18,/products,/product/103,pageview,Desktop,UK
412,2025-08-28T17:53:12,/product/102,/products,add_to_cart,Desktop,Germany
413,2025-08-28T15:38:48,/product/103,/offers,add_to_cart,Tablet,UK
414,2025-08-28T09:32:44,/checkout,/product/102,pageview,Tablet,USA
415,2025-08-28T09:29:21,/checkout,/product/101,add_to_cart,Tablet,USA
416,2025-08-28T09:40:20,/product/101,/offers,add_to_cart,Mobile,Canada
417,2025-08-28T09:40:09,/offers,/offers,add_to_cart,Mobile,USA
418,2025-08-28T16:15:35,/product/101,/offers,click,Desktop,Australia
419,2025-08-28T16:13:45,/product/102,/product/102,pageview,Mobile,Australia
420,2025-08-28T12:25:36,/home,/products,pageview,Tablet,UK
421,2025-08-28T18:54:00,/home,/products,add_to_cart,Tablet,USA
422,2025-08-28T18:55:00,/product/102,/offers,click,Tablet,UK
423,2025-08-28T18:05:54,/product/102,/checkout,add_to_cart,Mobile,Australia
424,2025-08-28T16:17:15,/offers,/cart,add_to_cart,Mobile,USA
425,2025-08-28T14:31:06,/product/101,/product/103,add_to_cart,Tablet,Canada
426,2025-08-28T17:07:46,/offers,/product/101,add_to_cart,Mobile,USA
427,2025-08-28T18:23:25,/product/102,/checkout,pageview,Mobile,Canada
428,2025-08-28T18:22:16,/product/103,/product/103,pageview,Mobile,India
429,2025-08-28T14:55:55,/cart,/product/102,pageview,Tablet,UK
430,2025-08-28T17:57:58,/product/101,/cart,add_to_cart,Tablet,Canada
431,2025-08-28T14:56:27,/product/103,/product/102,add_to_cart,Desktop,USA
432,2025-08-28T17:32:18,/product/101,/offers,click,Tablet,UK
433,2025-08-28T17:34:42,/checkout,/cart,click,Mobile,USA
434,2025-08-28T17:32:30,/cart,/product/101,click,Desktop,Australia
435,2025-08-28T11:20:16,/offers,/product/101,pageview,Mobile,India
436,2025-08-28T14:04:12,/cart,/offers,pageview,Tablet,USA
437,2025-08-28T12:27:07,/checkout,/offers,click,Tablet,Canada
438,2025-08-28T13:56:32,/product/101,/checkout,click,Mobile,USA
439,2025-08-28T11:50:48,/products,/checkout,pageview,Mobile,India
440,2025-08-28T17:32:47,/offers,/product/103,click,Mobile,USA
441,2025-08-28T13:12:54,/offers,/checkout,pageview,Mobile,India
442,2025-08-28T13:33:16,/product/103,/product/101,pageview,Tablet,India
443,2025-08-28T13:56:14,/product/103,/offers,add_to_cart,Mobile,UK
444,2025-08-28T13:56:48,/offers,/checkout,add_to_cart,Desktop,USA
445,2025-08-28T10:35:14,/home,/products,click,Tablet,Germany
446,2025-08-28T13:49:16,/offers,/products,click,Mobile,UK
447,2025-08-28T15:04:32,/offers,/home,pageview,Desktop,UK
448,2025-08-28T09:37:18,/home,/home,add_to_cart,Tablet,Canada
449,2025-08-28T13:40:42,/checkout,/product/102,pageview,Desktop,Canada
450,2025-08-28T13:49:31,/products,/home,click,Desktop,Australia
451,2025-08-28T14:00:15,/checkout,/offers,add_to_cart,Mobile,India
452,2025-08-28T16:30:00,/product/101,/product/102,click,Tablet,USA
453,2025-08-28T17:27:30,/products,/product/101,add_to_cart,Mobile,Germany
454,2025-08-28T17:55:34,/products,/product/101,pageview,Desktop,UK
455,2025-08-28T17:56:32,/product/101,/product/101,click,Desktop,Germany
456,2025-08-28T09:48:05,/product/102,/product/102,click,Desktop,Germany
457,2025-08-28T12:44:54,/cart,/product/103,add_to_cart,Desktop,USA
458,2025-08-28T11:17:39,/cart,/cart,pageview,Mobile,India
459,2025-08-28T16:11:57,/product/101,/home,add_to_cart,Mobile,UK
460,2025-08-28T18:55:22,/checkout,/home,click,Mobile,Australia
461,2025-08-28T16:14:04,/products,/product/101,add_to_cart,Desktop,Australia
462,2025-08-28T10:01:42,/offers,/cart,pageview,Tablet,India
463,2025-08-28T16:55:24,/checkout,/offers,pageview,Mobile,USA
464,2025-08-28T11:53:42,/home,/home,pageview,Tablet,UK
465,2025-08-28T11:51:34,/product/103,/home,click,Desktop,Australia
466,2025-08-28T13:56:18,/product/101,/products,pageview,Desktop,Canada
467,2025-08-28T13:09:57,/products,/checkout,click,Mobile,UK
468,2025-08-28T13:09:11,/home,/offers,pageview,Mobile,USA
469,2025-08-28T16:26:28,/product/101,/products,click,Tablet,Australia
470,2025-08-28T09:35:24,/product/101,/products,pageview,Tablet,Australia
471,2025-08-28T15:36:10,/product/102,/product/103,add_to_cart,Desktop,Canada
472,2025-08-28T09:19:14,/home,/home,click,Tablet,USA
473,2025-08-28T17:51:12,/product/102,/home,add_to_cart,Mobile,UK
474,2025-08-28T11:15:04,/checkout,/cart,add_to_cart,Mobile,Australia
475,2025-08-28T11:12:22,/offers,/offers,pageview,Desktop,USA
476,2025-08-28T15:10:00,/product/101,/cart,pageview,Tablet,USA
477,2025-08-28T12:51:10,/product/103,/product/103,click,Tablet,USA
478,2025-08-28T15:07:36,/products,/products,click,Mobile,UK
479,2025-08-28T13:02:19,/product/102,/cart,add_to_cart,Mobile,Germany
480,2025-08-28T16:42:46,/products,/product/102,pageview,Tablet,Germany
481,2025-08-28T10:34:54,/product/102,/product/102,click,Mobile,USA
482,2025-08-28T10:33:36,/products,/product/101,add_to_cart,Mobile,Canada
483,2025-08-28T16:41:47,/product/102,/product/101,click,Desktop,Canada
484,2025-08-28T16:59:28,/checkout,/product/101,click,Tablet,Canada
485,2025-08-28T11:41:36,/offers,/checkout,pageview,Desktop,USA
486,2025-08-28T18:01:36,/product/102,/product/103,click,Desktop,UK
487,2025-08-28T14:05:39,/home,/product/102,add_to_cart,Desktop,UK
488,2025-08-28T11:58:09,/home,/product/102,add_to_cart,Desktop,UK
489,2025-08-28T15:02:42,/products,/product/101,pageview,Tablet,UK
490,2025-08-28T14:35:54,/product/101,/product/102,add_to_cart,Desktop,USA
491,2025-08-28T18:21:20,/product/103,/product/103,pageview,Desktop,UK
492,2025-08-28T13:25:18,/home,/cart,click,Mobile,Canada
493,2025-08-28T15:51:50,/product/101,/product/102,click,Tablet,USA
494,2025-08-28T13:28:00,/home,/products,click,Desktop,UK
495,2025-08-28T16:26:10,/cart,/home,click,Mobile,Australia
496,2025-08-28T13:34:27,/product/101,/home,add_to_cart,Desktop,Australia
497,2025-08-28T14:18:25,/products,/checkout,click,Mobile,UK
498,2025-08-28T12:01:54,/cart,/products,pageview,Mobile,Canada
499,2025-08-28T16:01:12,/products,/product/102,pageview,Desktop,UK
500,2025-08-28T09:15:28,/offers,/checkout,add_to_cart,Mobile,Germany
501,2025-08-28T16:00:44,/product/102,/product/101,add_to_cart,Tablet,USA
502,2025-08-28T12:08:48,/product/103,/checkout,add_to_cart,Desktop,USA
503,2025-08-28T13:54:44,/checkout,/products,add_to_cart,Tablet,Germany
504,2025-08-28T09:34:30,/offers,/home,add_to_cart,Tablet,Australia
505,2025-08-28T15:04:00,/product/102,/products,add_to_cart,Tablet,Germany
506,2025-08-28T15:05:24,/product/101,/product/101,click,Tablet,Germany
507,2025-08-28T16:01:35,/product/101,/home,add_to_cart,Desktop,UK
508,2025-08-28T17:27:46,/product/102,/checkout,click,Desktop,USA
509,2025-08-28T11:45:20,/checkout,/product/103,pageview,Mobile,Canada
510,2025-08-28T09:51:45,/products,/cart,add_to_cart,Tablet,Canada
511,2025-08-28T16:00:10,/products,/products,pageview,Desktop,UK
512,2025-08-28T11:47:24,/product/103,/cart,add_to_cart,Mobile,Canada
513,2025-08-28T11:48:12,/product/102,/offers,click,Desktop,UK
514,2025-08-28T17:38:27,/product/103,/checkout,pageview,Desktop,Canada
515,2025-08-28T09:51:16,/cart,/products,pageview,Tablet,UK
516,2025-08-28T16:02:48,/cart,/home,click,Mobile,USA
517,2025-08-28T15:03:37,/product/101,/products,pageview,Desktop,Germany
518,2025-08-28T18:40:32,/product/102,/cart,add_to_cart,Mobile,Australia
519,2025-08-28T09:19:23,/product/103,/product/102,add_to_cart,Mobile,USA
520,2025-08-28T14:27:43,/home,/cart,click,Tablet,USA
521,2025-08-28T17:07:10,/product/102,/product/103,click,Mobile,Germany
522,2025-08-28T14:29:42,/home,/products,add_to_cart,Desktop,USA
523,2025-08-28T10:36:40,/cart,/offers,click,Tablet,Canada
524,2025-08-28T15:12:10,/offers,/products,pageview,Desktop,Canada
525,2025-08-28T16:45:24,/product/101,/products,pageview,Desktop,Canada
526,2025-08-28T15:42:53,/home,/products,click,Mobile,Canada
527,2025-08-28T15:42:15,/cart,/cart,add_to_cart,Desktop,India
528,2025-08-28T15:11:24,/products,/products,add_to_cart,Desktop,USA
529,2025-08-28T10:21:07,/product/101,/home,pageview,Mobile,Australia
530,2025-08-28T15:20:38,/offers,/product/102,add_to_cart,Tablet,Australia
531,2025-08-28T13:47:55,/product/103,/products,click,Desktop,USA
532,2025-08-28T15:20:00,/product/101,/checkout,click,Mobile,UK
533,2025-08-28T13:48:12,/product/103,/products,click,Tablet,UK
534,2025-08-28T12:02:35,/checkout,/products,pageview,Desktop,Germany
535,2025-08-28T15:03:40,/offers,/home,add_to_cart,Mobile,UK
536,2025-08-28T09:49:27,/cart,/product/103,pageview,Desktop,UK
537,2025-08-28T15:04:15,/product/102,/product/101,pageview,Mobile,India
538,2025-08-28T12:11:48,/home,/cart,pageview,Mobile,Germany
539,2025-08-28T17:17:32,/product/103,/product/102,pageview,Desktop,USA
540,2025-08-28T17:28:43,/cart,/product/101,add_to_cart,Mobile,USA
541,2025-08-28T17:15:46,/product/102,/offers,click,Tablet,USA
542,2025-08-28T17:28:46,/home,/cart,add_to_cart,Mobile,Germany
543,2025-08-28T13:06:24,/offers,/product/101,pageview,Desktop,Canada
544,2025-08-28T10:32:34,/offers,/offers,click,Tablet,Australia
545,2025-08-28T15:04:56,/product/103,/product/101,pageview,Mobile,Germany
546,2025-08-28T14:26:31,/cart,/product/103,click,Mobile,UK
547,2025-08-28T15:05:28,/checkout,/product/103,click,Tablet,Australia
548,2025-08-28T10:39:00,/product/103,/product/102,add_to_cart,Mobile,Australia
549,2025-08-28T10:27:34,/offers,/product/102,add_to_cart,Desktop,Australia
550,2025-08-28T10:37:12,/products,/product/101,add_to_cart,Desktop,India
551,2025-08-28T13:47:44,/product/101,/product/101,add_to_cart,Tablet,USA
552,2025-08-28T10:08:45,/checkout,/products,click,Tablet,Australia
553,2025-08-28T11:20:24,/home,/product/102,click,Mobile,Australia
554,2025-08-28T15:40:27,/home,/home,click,Mobile,Germany
555,2025-08-28T09:08:37,/home,/cart,pageview,Mobile,Canada
556,2025-08-28T11:21:51,/product/101,/home,click,Tablet,Australia
557,2025-08-28T15:39:34,/home,/cart,add_to_cart,Mobile,Germany
558,2025-08-28T09:41:20,/products,/product/103,click,Mobile,USA
559,2025-08-28T09:05:43,/home,/products,click,Tablet,Canada
560,2025-08-28T17:46:07,/cart,/home,add_to_cart,Mobile,Australia
561,2025-08-28T12:31:12,/product/103,/product/103,add_to_cart,Desktop,Germany
562,2025-08-28T09:55:43,/offers,/product/102,add_to_cart,Tablet,Germany
563,2025-08-28T09:27:39,/product/102,/product/103,pageview,Desktop,Germany
564,2025-08-28T11:36:42,/products,/cart,add_to_cart,Tablet,India
565,2025-08-28T14:34:05,/product/101,/product/101,click,Tablet,USA
566,2025-08-28T15:38:50,/product/102,/home,add_to_cart,Mobile,Australia
567,2025-08-28T10:28:56,/offers,/product/102,pageview,Desktop,USA
568,2025-08-28T14:39:56,/home,/offers,pageview,Tablet,UK
569,2025-08-28T16:44:55,/product/102,/checkout,add_to_cart,Mobile,Germany
570,2025-08-28T18:49:02,/product/103,/offers,pageview,Desktop,Australia
571,2025-08-28T10:29:42,/checkout,/offers,pageview,Desktop,India
572,2025-08-28T14:02:20,/product/103,/home,add_to_cart,Desktop,Canada
573,2025-08-28T14:04:12,/product/103,/product/102,pageview,Desktop,Germany
574,2025-08-28T15:54:30,/product/101,/checkout,pageview,Tablet,USA
575,2025-08-28T15:10:35,/product/102,/cart,click,Tablet,Germany
576,2025-08-28T10:04:16,/home,/product/101,pageview,Mobile,Canada
577,2025-08-28T13:46:45,/product/101,/offers,click,Mobile,Germany
578,2025-08-28T15:05:42,/cart,/product/103,click,Tablet,USA
579,2025-08-28T13:46:39,/home,/product/102,pageview,Mobile,Canada
580,2025-08-28T10:26:36,/products,/checkout,click,Mobile,Canada
581,2025-08-28T16:39:43,/home,/home,pageview,Desktop,India
582,2025-08-28T09:45:14,/product/102,/home,add_to_cart,Tablet,USA
583,2025-08-28T12:57:10,/product/101,/products,add_to_cart,Desktop,Germany
584,2025-08-28T13:40:22,/offers,/product/101,pageview,Mobile,Canada
585,2025-08-28T14:30:38,/product/103,/product/103,pageview,Tablet,Germany
586,2025-08-28T14:46:54,/cart,/products,click,Mobile,India
587,2025-08-28T12:57:26,/product/101,/offers,click,Tablet,Germany
588,2025-08-28T12:49:54,/product/103,/product/103,add_to_cart,Desktop,UK
589,2025-08-28T12:57:38,/home,/product/101,pageview,Mobile,Canada
590,2025-08-28T16:57:19,/checkout,/checkout,click,Desktop,Canada
591,2025-08-28T09:31:10,/product/101,/offers,pageview,Tablet,UK
592,2025-08-28T14:53:27,/home,/cart,add_to_cart,Tablet,India
593,2025-08-28T09:31:58,/offers,/checkout,click,Mobile,USA
594,2025-08-28T18:22:30,/products,/products,pageview,Tablet,India
595,2025-08-28T16:57:45,/home,/offers,add_to_cart,Tablet,Australia
596,2025-08-28T10:36:58,/product/102,/product/102,add_to_cart,Mobile,Canada
597,2025-08-28T17:33:40,/checkout,/product/102,pageview,Desktop,Germany
598,2025-08-28T17:32:25,/product/103,/checkout,click,Desktop,Canada
599,2025-08-28T18:31:12,/product/103,/product/102,click,Desktop,Australia
600,2025-08-28T10:10:00,/offers,/products,add_to_cart,Mobile,Germany
601,2025-08-28T16:14:17,/products,/cart,click,Desktop,UK
602,2025-08-28T17:09:26,/checkout,/product/103,add_to_cart,Tablet,UK
603,2025-08-28T17:09:18,/product/103,/offers,click,Mobile,India
604,2025-08-28T11:33:37,/checkout,/product/102,click,Tablet,Germany
605,2025-08-28T11:37:00,/offers,/product/101,add_to_cart,Desktop,UK
606,2025-08-28T10:23:34,/checkout,/product/102,add_to_cart,Desktop,Australia
607,2025-08-28T15:54:56,/product/103,/offers,click,Desktop,Australia
608,2025-08-28T17:25:18,/product/101,/offers,pageview,Desktop,USA
609,2025-08-28T17:25:54,/products,/cart,add_to_cart,Desktop,Germany
610,2025-08-28T18:20:36,/home,/product/103,add_to_cart,Desktop,Germany
611,2025-08-28T11:22:38,/checkout,/checkout,add_to_cart,Desktop,Canada
612,2025-08-28T18:22:36,/cart,/cart,add_to_cart,Tablet,Canada
613,2025-08-28T17:14:10,/home,/home,click,Mobile,UK
614,2025-08-28T17:13:24,/home,/offers,add_to_cart,Mobile,Germany
615,2025-08-28T17:13:15,/checkout,/home,add_to_cart,Mobile,Germany
616,2025-08-28T18:20:20,/product/102,/cart,pageview,Tablet,UK
617,2025-08-28T17:13:32,/offers,/cart,add_to_cart,Desktop,Canada
618,2025-08-28T18:08:12,/product/101,/home,add_to_cart,Mobile,India
619,2025-08-28T11:24:24,/checkout,/product/101,click,Desktop,India
620,2025-08-28T11:23:06,/product/101,/product/103,add_to_cart,Desktop,Germany
621,2025-08-28T18:09:57,/checkout,/product/101,add_to_cart,Desktop,Canada
622,2025-08-28T18:08:51,/home,/checkout,click,Desktop,Australia
623,2025-08-28T09:01:18,/cart,/product/102,pageview,Mobile,Canada
624,2025-08-28T09:00:54,/product/101,/offers,add_to_cart,Desktop,India
625,2025-08-28T16:36:54,/product/102,/product/102,add_to_cart,Mobile,Germany
626,2025-08-28T16:36:55,/cart,/product/101,click,Tablet,Canada
627,2025-08-28T14:51:21,/products,/checkout,click,Mobile,Germany
628,2025-08-28T16:52:56,/offers,/product/102,click,Desktop,Australia
629,2025-08-28T17:00:50,/products,/product/101,click,Desktop,Australia
630,2025-08-28T13:59:49,/product/101,/offers,click,Desktop,USA
631,2025-08-28T14:21:13,/products,/product/101,click,Tablet,Australia
632,2025-08-28T17:25:57,/offers,/product/102,click,Tablet,Canada
633,2025-08-28T18:29:24,/checkout,/product/102,click,Tablet,UK
634,2025-08-28T18:32:52,/checkout,/checkout,click,Desktop,USA
635,2025-08-28T13:40:31,/products,/checkout,pageview,Mobile,Germany
636,2025-08-28T09:07:28,/product/101,/home,add_to_cart,Tablet,UK
637,2025-08-28T13:42:00,/checkout,/products,click,Mobile,Australia
638,2025-08-28T16:07:44,/product/103,/home,click,Mobile,Australia
639,2025-08-28T09:59:45,/home,/checkout,add_to_cart,Desktop,UK
640,2025-08-28T09:06:48,/products,/checkout,click,Desktop,Germany
641,2025-08-28T11:05:40,/product/101,/cart,click,Mobile,USA
642,2025-08-28T17:39:51,/cart,/product/101,click,Desktop,Canada
643,2025-08-28T15:03:32,/products,/product/101,click,Desktop,India
644,2025-08-28T18:29:58,/products,/product/102,add_to_cart,Mobile,Canada
645,2025-08-28T15:51:00,/product/102,/products,click,Mobile,Canada
646,2025-08-28T14:50:20,/offers,/cart,pageview,Mobile,Australia
647,2025-08-28T17:32:33,/offers,/products,add_to_cart,Tablet,Germany
648,2025-08-28T09:55:36,/home,/cart,pageview,Mobile,Australia
649,2025-08-28T09:24:56,/cart,/checkout,click,Mobile,Canada
650,2025-08-28T18:16:12,/cart,/offers,click,Desktop,India
651,2025-08-28T14:40:50,/offers,/product/102,click,Tablet,Germany
652,2025-08-28T11:01:41,/products,/products,click,Mobile,Germany
653,2025-08-28T14:40:32,/product/102,/product/102,add_to_cart,Tablet,Germany
654,2025-08-28T19:00:06,/checkout,/home,pageview,Desktop,Germany
655,2025-08-28T13:00:37,/checkout,/checkout,add_to_cart,Mobile,Australia
656,2025-08-28T17:04:24,/checkout,/offers,add_to_cart,Desktop,India
657,2025-08-28T09:59:55,/products,/checkout,add_to_cart,Tablet,India
658,2025-08-28T10:37:12,/product/102,/product/103,add_to_cart,Desktop,India
659,2025-08-28T15:19:51,/home,/cart,pageview,Desktop,UK
660,2025-08-28T13:44:13,/home,/checkout,pageview,Tablet,India
661,2025-08-28T15:19:32,/cart,/product/102,add_to_cart,Tablet,USA
662,2025-08-28T10:32:33,/products,/product/102,click,Mobile,Germany
663,2025-08-28T15:22:28,/products,/home,click,Mobile,USA
664,2025-08-28T13:40:27,/products,/cart,click,Tablet,USA
665,2025-08-28T18:32:40,/home,/home,add_to_cart,Desktop,Australia
666,2025-08-28T13:40:06,/home,/product/102,click,Tablet,Canada
667,2025-08-28T13:42:42,/products,/product/103,pageview,Tablet,Australia
668,2025-08-28T18:29:18,/checkout,/products,pageview,Mobile,India
669,2025-08-28T15:45:13,/product/102,/checkout,add_to_cart,Mobile,Australia
670,2025-08-28T15:45:24,/home,/product/102,add_to_cart,Mobile,UK
671,2025-08-28T16:01:16,/offers,/product/102,click,Tablet,Australia
672,2025-08-28T14:34:35,/cart,/product/103,add_to_cart,Tablet,Australia
673,2025-08-28T17:19:24,/product/102,/product/102,click,Mobile,USA
674,2025-08-28T15:58:44,/products,/offers,click,Tablet,USA
675,2025-08-28T14:47:08,/offers,/checkout,pageview,Desktop,USA
676,2025-08-28T16:09:55,/product/101,/cart,click,Mobile,India
677,2025-08-28T13:15:14,/home,/cart,click,Desktop,Australia
678,2025-08-28T16:07:20,/cart,/product/102,click,Mobile,USA
679,2025-08-28T12:12:55,/cart,/home,pageview,Tablet,Canada
680,2025-08-28T12:24:35,/product/101,/cart,pageview,Tablet,Germany
681,2025-08-28T13:03:22,/home,/offers,add_to_cart,Tablet,USA
682,2025-08-28T12:41:09,/product/103,/offers,pageview,Desktop,Australia
683,2025-08-28T12:47:41,/product/102,/offers,pageview,Tablet,Australia
684,2025-08-28T13:03:21,/product/103,/products,add_to_cart,Tablet,Australia
685,2025-08-28T09:33:22,/checkout,/products,click,Desktop,Australia
686,2025-08-28T09:04:00,/product/102,/product/101,add_to_cart,Tablet,Germany
687,2025-08-28T16:35:49,/cart,/cart,add_to_cart,Mobile,India
688,2025-08-28T10:44:46,/cart,/product/103,add_to_cart,Mobile,Canada
689,2025-08-28T10:29:52,/product/103,/products,add_to_cart,Desktop,Germany
690,2025-08-28T16:38:00,/product/101,/product/102,click,Tablet,Germany
691,2025-08-28T10:26:24,/products,/offers,click,Mobile,USA
692,2025-08-28T10:43:55,/product/103,/product/101,add_to_cart,Tablet,USA
693,2025-08-28T12:53:39,/home,/home,click,Mobile,Germany
694,2025-08-28T18:50:18,/product/101,/checkout,pageview,Tablet,USA
695,2025-08-28T18:41:32,/product/102,/products,pageview,Tablet,Canada
696,2025-08-28T11:17:54,/checkout,/cart,add_to_cart,Desktop,UK
697,2025-08-28T12:38:06,/product/101,/products,click,Desktop,USA
698,2025-08-28T12:00:16,/products,/home,click,Desktop,Canada
699,2025-08-28T10:11:39,/checkout,/product/103,pageview,Desktop,USA
700,2025-08-28T10:12:44,/cart,/product/102,click,Desktop,Australia
701,2025-08-28T10:55:12,/product/101,/product/101,add_to_cart,Desktop,UK
702,2025-08-28T14:19:45,/product/103,/offers,add_to_cart,Desktop,Canada
703,2025-08-28T09:34:56,/home,/products,add_to_cart,Desktop,India
704,2025-08-28T12:19:48,/home,/cart,add_to_cart,Tablet,Australia
705,2025-08-28T12:18:47,/home,/offers,click,Mobile,USA
706,2025-08-28T12:19:45,/cart,/product/102,pageview,Tablet,UK
707,2025-08-28T10:12:46,/checkout,/product/102,pageview,Tablet,India
708,2025-08-28T10:33:10,/product/101,/products,add_to_cart,Desktop,Australia
709,2025-08-28T10:31:08,/product/103,/product/101,add_to_cart,Desktop,USA
710,2025-08-28T10:34:42,/product/103,/product/101,click,Tablet,Australia
711,2025-08-28T13:07:36,/checkout,/offers,add_to_cart,Desktop,Canada
712,2025-08-28T17:00:20,/products,/product/101,add_to_cart,Desktop,Germany
713,2025-08-28T17:00:42,/offers,/products,add_to_cart,Desktop,Australia
714,2025-08-28T13:03:27,/product/101,/product/103,click,Desktop,Australia
715,2025-08-28T10:45:12,/offers,/product/101,pageview,Desktop,Canada
716,2025-08-28T16:26:48,/products,/offers,pageview,Mobile,Canada
717,2025-08-28T17:09:54,/checkout,/product/101,add_to_cart,Mobile,USA
718,2025-08-28T16:16:30,/checkout,/offers,pageview,Desktop,USA
719,2025-08-28T09:28:06,/home,/offers,add_to_cart,Mobile,India
720,2025-08-28T17:26:12,/cart,/product/101,pageview,Tablet,USA
721,2025-08-28T12:48:54,/products,/products,click,Tablet,USA
722,2025-08-28T16:06:28,/offers,/cart,add_to_cart,Tablet,USA
723,2025-08-28T16:07:40,/product/101,/offers,pageview,Tablet,USA
724,2025-08-28T16:07:12,/cart,/product/101,pageview,Desktop,Germany
725,2025-08-28T09:48:06,/product/101,/product/101,click,Desktop,USA
726,2025-08-28T09:44:32,/offers,/cart,add_to_cart,Mobile,UK
727,2025-08-28T13:10:09,/product/102,/cart,add_to_cart,Mobile,Canada
728,2025-08-28T15:29:39,/product/103,/product/103,add_to_cart,Desktop,UK
729,2025-08-28T12:58:50,/products,/home,click,Mobile,Canada
730,2025-08-28T10:47:30,/offers,/cart,add_to_cart,Desktop,USA
731,2025-08-28T10:13:24,/product/101,/checkout,pageview,Tablet,USA
732,2025-08-28T10:45:36,/checkout,/home,pageview,Tablet,Australia
733,2025-08-28T10:45:45,/home,/home,click,Mobile,Germany
734,2025-08-28T17:22:56,/checkout,/product/102,click,Mobile,USA
735,2025-08-28T14:06:00,/product/103,/checkout,pageview,Tablet,Germany
736,2025-08-28T09:37:06,/product/103,/cart,click,Mobile,Canada
737,2025-08-28T09:38:36,/offers,/product/103,click,Desktop,Germany
738,2025-08-28T12:17:40,/product/102,/home,click,Mobile,India
739,2025-08-28T12:16:14,/product/102,/product/101,add_to_cart,Tablet,USA
740,2025-08-28T09:43:40,/offers,/checkout,add_to_cart,Tablet,Germany
741,2025-08-28T10:03:25,/product/103,/cart,add_to_cart,Desktop,Australia
742,2025-08-28T18:42:28,/cart,/offers,pageview,Mobile,Germany
743,2025-08-28T17:03:15,/product/101,/products,pageview,Mobile,USA
744,2025-08-28T10:25:18,/product/101,/product/101,add_to_cart,Mobile,Australia
745,2025-08-28T18:46:18,/cart,/cart,add_to_cart,Desktop,Germany
746,2025-08-28T18:43:56,/product/101,/home,pageview,Tablet,Canada
747,2025-08-28T18:46:54,/product/102,/product/103,pageview,Tablet,UK
748,2025-08-28T18:48:48,/product/103,/checkout,add_to_cart,Tablet,USA
749,2025-08-28T18:47:14,/checkout,/product/102,pageview,Desktop,USA
750,2025-08-28T09:03:40,/cart,/product/101,click,Tablet,UK
751,2025-08-28T12:49:39,/cart,/product/102,add_to_cart,Mobile,UK
752,2025-08-28T13:57:27,/product/101,/checkout,add_to_cart,Tablet,USA
753,2025-08-28T12:47:15,/offers,/product/103,click,Tablet,Australia
754,2025-08-28T16:34:25,/product/101,/product/101,click,Desktop,Canada
755,2025-08-28T11:01:30,/product/102,/home,pageview,Desktop,India
756,2025-08-28T10:38:26,/product/101,/home,click,Desktop,Australia
757,2025-08-28T13:17:54,/product/101,/home,add_to_cart,Mobile,India
758,2025-08-28T17:09:52,/offers,/offers,click,Tablet,India
759,2025-08-28T10:38:16,/products,/product/101,click,Tablet,India
760,2025-08-28T13:32:54,/products,/product/101,pageview,Mobile,India
761,2025-08-28T13:54:05,/offers,/cart,pageview,Desktop,India
762,2025-08-28T14:09:08,/offers,/products,pageview,Mobile,USA
763,2025-08-28T14:29:32,/offers,/product/101,add_to_cart,Tablet,Canada
764,2025-08-28T13:11:45,/home,/offers,click,Mobile,Canada
765,2025-08-28T17:13:04,/products,/checkout,click,Mobile,USA
766,2025-08-28T14:09:54,/products,/offers,add_to_cart,Tablet,Germany
767,2025-08-28T10:41:44,/products,/checkout,click,Tablet,UK
768,2025-08-28T11:49:38,/product/102,/home,add_to_cart,Tablet,Germany
769,2025-08-28T16:15:28,/offers,/product/102,click,Desktop,Canada
770,2025-08-28T11:51:44,/offers,/checkout,add_to_cart,Tablet,Germany
771,2025-08-28T15:06:18,/home,/home,pageview,Mobile,India
772,2025-08-28T15:04:57,/home,/products,add_to_cart,Mobile,Canada
773,2025-08-28T14:08:12,/home,/product/102,pageview,Tablet,USA
774,2025-08-28T09:43:35,/products,/offers,add_to_cart,Mobile,UK
775,2025-08-28T11:31:17,/checkout,/offers,click,Mobile,India
776,2025-08-28T17:03:22,/offers,/product/101,pageview,Desktop,Germany
777,2025-08-28T16:36:08,/product/101,/offers,click,Tablet,India
778,2025-08-28T16:35:07,/offers,/checkout,click,Desktop,USA
779,2025-08-28T17:46:14,/offers,/checkout,pageview,Mobile,India
780,2025-08-28T09:04:53,/cart,/checkout,add_to_cart,Mobile,UK
781,2025-08-28T10:38:58,/products,/checkout,click,Mobile,Germany
782,2025-08-28T17:48:42,/offers,/product/102,click,Mobile,Germany
783,2025-08-28T17:55:50,/product/101,/checkout,add_to_cart,Desktop,Australia
784,2025-08-28T10:29:30,/home,/home,pageview,Mobile,Canada
785,2025-08-28T11:21:39,/product/103,/product/102,click,Desktop,India
786,2025-08-28T09:14:21,/cart,/product/103,add_to_cart,Tablet,Australia
787,2025-08-28T15:21:31,/cart,/product/103,click,Tablet,Germany
788,2025-08-28T17:46:52,/cart,/home,click,Desktop,USA
789,2025-08-28T16:49:28,/product/102,/product/101,pageview,Tablet,Germany
790,2025-08-28T09:01:40,/home,/product/102,click,Tablet,USA
791,2025-08-28T09:06:28,/offers,/home,click,Desktop,India
792,2025-08-28T17:50:57,/products,/cart,click,Tablet,UK
793,2025-08-28T11:11:06,/checkout,/home,click,Desktop,Canada
794,2025-08-28T16:59:55,/product/102,/product/103,add_to_cart,Tablet,Canada
795,2025-08-28T16:57:46,/product/101,/product/103,pageview,Tablet,Australia
796,2025-08-28T10:46:24,/product/103,/product/102,click,Desktop,Canada
797,2025-08-28T10:46:42,/product/102,/product/101,add_to_cart,Tablet,Australia
798,2025-08-28T10:42:52,/cart,/checkout,add_to_cart,Desktop,UK
799,2025-08-28T10:43:24,/checkout,/checkout,pageview,Mobile,India
800,2025-08-28T17:19:20,/product/101,/home,click,Tablet,Canada
801,2025-08-28T17:22:45,/product/103,/product/101,pageview,Tablet,UK
802,2025-08-28T17:56:21,/offers,/checkout,click,Tablet,Canada
803,2025-08-28T13:25:15,/product/103,/product/101,add_to_cart,Mobile,Germany
804,2025-08-28T13:24:37,/checkout,/checkout,add_to_cart,Tablet,Australia
805,2025-08-28T12:33:42,/products,/checkout,add_to_cart,Mobile,Canada
806,2025-08-28T17:38:25,/product/101,/offers,click,Mobile,Australia
807,2025-08-28T13:58:24,/product/103,/product/102,add_to_cart,Tablet,India
808,2025-08-28T18:57:44,/product/102,/home,click,Desktop,Germany
809,2025-08-28T18:57:58,/home,/home,add_to_cart,Mobile,USA
810,2025-08-28T13:26:48,/checkout,/offers,click,Desktop,Australia
811,2025-08-28T11:42:14,/products,/cart,add_to_cart,Desktop,Australia
812,2025-08-28T15:05:52,/product/102,/checkout,add_to_cart,Desktop,India
813,2025-08-28T17:42:26,/product/102,/checkout,pageview,Tablet,Canada
814,2025-08-28T17:45:32,/cart,/products,pageview,Mobile,Germany
815,2025-08-28T17:43:57,/products,/product/102,pageview,Tablet,Australia
816,2025-08-28T18:43:53,/offers,/product/103,add_to_cart,Mobile,Germany
817,2025-08-28T09:01:34,/product/103,/products,pageview,Tablet,USA
818,2025-08-28T18:45:20,/cart,/product/101,add_to_cart,Tablet,USA
819,2025-08-28T12:09:40,/product/103,/offers,click,Mobile,Germany
820,2025-08-28T09:02:12,/product/103,/offers,add_to_cart,Mobile,India
821,2025-08-28T09:04:05,/home,/product/103,pageview,Tablet,India
822,2025-08-28T18:44:03,/product/101,/product/103,click,Desktop,India
823,2025-08-28T10:40:46,/checkout,/product/102,pageview,Desktop,Canada
824,2025-08-28T18:15:28,/offers,/cart,click,Mobile,UK
825,2025-08-28T18:14:23,/cart,/home,add_to_cart,Tablet,UK
826,2025-08-28T17:59:08,/products,/product/102,click,Tablet,Canada
827,2025-08-28T18:00:48,/checkout,/products,add_to_cart,Desktop,UK
828,2025-08-28T09:00:15,/home,/product/102,click,Mobile,Canada
829,2025-08-28T17:35:32,/product/101,/cart,pageview,Tablet,India
830,2025-08-28T12:01:27,/offers,/cart,add_to_cart,Desktop,Canada
831,2025-08-28T13:24:21,/product/103,/offers,click,Tablet,Germany
832,2025-08-28T11:30:04,/offers,/product/102,click,Tablet,USA
833,2025-08-28T11:24:47,/product/101,/home,pageview,Tablet,USA
834,2025-08-28T11:59:15,/products,/product/102,click,Desktop,USA
835,2025-08-28T10:54:34,/offers,/home,click,Mobile,Australia
836,2025-08-28T11:46:36,/products,/product/102,pageview,Mobile,USA
837,2025-08-28T11:46:30,/product/102,/checkout,add_to_cart,Desktop,Germany
838,2025-08-28T15:41:09,/home,/offers,add_to_cart,Mobile,Germany
839,2025-08-28T17:04:56,/product/103,/product/101,click,Tablet,UK
840,2025-08-28T15:47:15,/cart,/cart,pageview,Tablet,UK
841,2025-08-28T12:47:43,/checkout,/product/102,pageview,Mobile,Germany
842,2025-08-28T13:01:58,/offers,/offers,pageview,Desktop,Canada
843,2025-08-28T10:54:25,/offers,/cart,click,Mobile,Australia
844,2025-08-28T15:25:25,/product/103,/products,click,Desktop,India
845,2025-08-28T19:00:52,/product/101,/cart,click,Mobile,India
846,2025-08-28T18:39:00,/product/102,/checkout,pageview,Mobile,UK
847,2025-08-28T18:30:09,/home,/cart,add_to_cart,Mobile,Canada
848,2025-08-28T17:49:57,/product/102,/checkout,add_to_cart,Desktop,Germany
849,2025-08-28T18:30:18,/product/101,/products,click,Tablet,Canada
850,2025-08-28T12:13:50,/products,/offers,add_to_cart,Mobile,Germany
851,2025-08-28T15:01:40,/offers,/offers,pageview,Desktop,Australia
852,2025-08-28T11:49:48,/product/101,/product/103,click,Tablet,Australia
853,2025-08-28T12:09:22,/home,/offers,click,Mobile,India
854,2025-08-28T09:03:49,/cart,/products,pageview,Mobile,USA
855,2025-08-28T09:05:09,/cart,/products,add_to_cart,Mobile,UK
856,2025-08-28T14:27:10,/cart,/product/101,click,Desktop,Canada
857,2025-08-28T14:28:44,/products,/cart,pageview,Tablet,Canada
858,2025-08-28T11:49:33,/cart,/product/101,pageview,Tablet,Australia
859,2025-08-28T11:50:24,/offers,/cart,pageview,Desktop,Australia
860,2025-08-28T11:51:39,/product/103,/offers,pageview,Desktop,Australia
861,2025-08-28T12:34:08,/checkout,/cart,pageview,Desktop,India
862,2025-08-28T12:32:38,/product/103,/product/103,add_to_cart,Tablet,Germany
863,2025-08-28T17:48:44,/cart,/product/103,pageview,Mobile,Australia
864,2025-08-28T12:32:27,/product/103,/product/103,click,Desktop,UK
865,2025-08-28T09:44:12,/checkout,/product/103,click,Desktop,USA
866,2025-08-28T16:19:44,/cart,/cart,add_to_cart,Tablet,USA
867,2025-08-28T16:19:45,/cart,/home,click,Tablet,UK
868,2025-08-28T16:18:20,/home,/checkout,add_to_cart,Tablet,Australia
869,2025-08-28T12:39:06,/product/102,/products,add_to_cart,Desktop,Canada
870,2025-08-28T10:47:26,/product/103,/product/102,click,Desktop,Australia
871,2025-08-28T16:54:27,/product/102,/offers,click,Desktop,UK
872,2025-08-28T16:55:18,/product/102,/product/101,pageview,Desktop,UK
873,2025-08-28T09:10:22,/cart,/checkout,add_to_cart,Mobile,Germany
874,2025-08-28T09:16:12,/offers,/cart,add_to_cart,Mobile,UK
875,2025-08-28T09:18:00,/home,/cart,pageview,Tablet,Germany
876,2025-08-28T10:27:08,/product/103,/home,add_to_cart,Desktop,Germany
877,2025-08-28T11:12:33,/home,/home,click,Desktop,Australia
878,2025-08-28T11:12:54,/cart,/home,click,Desktop,UK
879,2025-08-28T09:19:15,/product/102,/product/103,add_to_cart,Desktop,India
880,2025-08-28T09:20:00,/product/103,/cart,click,Tablet,India
881,2025-08-28T12:10:57,/product/101,/checkout,add_to_cart,Desktop,India
882,2025-08-28T13:53:28,/product/101,/home,pageview,Desktop,Australia
883,2025-08-28T13:53:05,/home,/product/101,click,Desktop,UK
884,2025-08-28T12:12:54,/product/103,/product/102,add_to_cart,Mobile,Australia
885,2025-08-28T12:09:56,/home,/checkout,click,Mobile,USA
886,2025-08-28T11:00:36,/product/101,/offers,click,Desktop,India
887,2025-08-28T10:57:34,/cart,/product/102,click,Mobile,India
888,2025-08-28T10:58:52,/offers,/cart,pageview,Mobile,Canada
889,2025-08-28T09:25:40,/home,/home,click,Desktop,India
890,2025-08-28T09:26:12,/product/103,/home,add_to_cart,Tablet,USA
891,2025-08-28T17:59:09,/product/103,/home,click,Mobile,Canada
892,2025-08-28T17:58:23,/offers,/checkout,click,Tablet,USA
893,2025-08-28T17:17:37,/home,/home,add_to_cart,Desktop,Canada
894,2025-08-28T18:23:50,/product/102,/checkout,pageview,Mobile,UK
895,2025-08-28T09:15:35,/product/101,/products,add_to_cart,Tablet,India
896,2025-08-28T09:13:26,/product/101,/products,add_to_cart,Tablet,Canada
897,2025-08-28T14:01:15,/home,/products,pageview,Desktop,India
898,2025-08-28T14:02:24,/product/103,/home,click,Tablet,UK
899,2025-08-28T09:18:34,/home,/offers,click,Desktop,Canada
900,2025-08-28T18:20:39,/cart,/checkout,add_to_cart,Desktop,India
901,2025-08-28T18:23:42,/product/102,/product/101,add_to_cart,Desktop,Australia
902,2025-08-28T18:21:35,/product/101,/checkout,add_to_cart,Desktop,Australia
903,2025-08-28T11:34:32,/home,/products,add_to_cart,Desktop,India
904,2025-08-28T11:33:18,/products,/product/101,add_to_cart,Desktop,Australia
905,2025-08-28T09:36:24,/product/103,/products,pageview,Desktop,India
906,2025-08-28T12:53:00,/offers,/cart,add_to_cart,Desktop,India
907,2025-08-28T15:04:24,/products,/cart,add_to_cart,Desktop,USA
908,2025-08-28T15:03:08,/cart,/checkout,pageview,Desktop,Australia
909,2025-08-28T16:37:38,/cart,/products,pageview,Tablet,Australia
910,2025-08-28T12:55:45,/offers,/product/101,click,Mobile,Canada
911,2025-08-28T17:28:00,/checkout,/home,add_to_cart,Desktop,Germany
912,2025-08-28T17:26:58,/cart,/product/103,click,Tablet,USA
913,2025-08-28T15:22:14,/checkout,/checkout,pageview,Desktop,Germany
914,2025-08-28T10:03:21,/home,/product/102,pageview,Desktop,UK
915,2025-08-28T14:50:37,/products,/product/103,click,Tablet,Australia
916,2025-08-28T16:56:00,/product/102,/cart,add_to_cart,Mobile,Australia
917,2025-08-28T13:48:40,/product/102,/cart,click,Mobile,India
918,2025-08-28T13:47:55,/cart,/checkout,click,Tablet,India
919,2025-08-28T09:04:08,/checkout,/products,add_to_cart,Mobile,Canada
920,2025-08-28T14:39:50,/product/101,/product/102,pageview,Tablet,Canada
921,2025-08-28T09:04:56,/product/102,/product/102,add_to_cart,Tablet,Australia
922,2025-08-28T17:17:10,/home,/product/101,click,Tablet,Germany
923,2025-08-28T09:05:30,/checkout,/product/102,click,Desktop,Australia
924,2025-08-28T11:56:41,/checkout,/product/102,pageview,Tablet,India
925,2025-08-28T16:31:20,/products,/checkout,click,Desktop,Australia
926,2025-08-28T15:13:22,/home,/product/101,click,Tablet,UK
927,2025-08-28T17:53:20,/home,/home,pageview,Mobile,India
928,2025-08-28T14:06:36,/product/102,/home,pageview,Mobile,UK
929,2025-08-28T18:00:37,/product/101,/product/102,pageview,Tablet,Germany
930,2025-08-28T09:14:15,/checkout,/home,add_to_cart,Desktop,India
931,2025-08-28T18:13:52,/product/102,/product/103,pageview,Mobile,USA
932,2025-08-28T14:21:00,/products,/checkout,click,Desktop,USA
933,2025-08-28T11:25:39,/product/102,/checkout,pageview,Mobile,USA
934,2025-08-28T18:12:42,/product/103,/product/103,click,Tablet,India
935,2025-08-28T13:06:50,/checkout,/product/102,pageview,Tablet,Germany
936,2025-08-28T15:02:15,/offers,/cart,click,Tablet,India
937,2025-08-28T10:59:57,/home,/product/101,add_to_cart,Mobile,Germany
938,2025-08-28T14:44:27,/home,/cart,add_to_cart,Tablet,Australia
939,2025-08-28T14:44:44,/checkout,/home,pageview,Tablet,India
940,2025-08-28T16:01:39,/offers,/product/101,click,Mobile,Australia
941,2025-08-28T09:27:34,/product/102,/offers,add_to_cart,Mobile,UK
942,2025-08-28T17:44:18,/offers,/checkout,click,Tablet,USA
943,2025-08-28T10:25:14,/product/101,/product/103,add_to_cart,Tablet,Germany
944,2025-08-28T10:25:36,/cart,/product/101,pageview,Tablet,India
945,2025-08-28T11:21:06,/product/103,/product/101,add_to_cart,Mobile,UK
946,2025-08-28T11:22:40,/product/102,/product/103,add_to_cart,Mobile,Australia
947,2025-08-28T14:46:48,/cart,/checkout,pageview,Desktop,India
948,2025-08-28T14:45:23,/checkout,/product/103,click,Tablet,Germany
949,2025-08-28T11:48:46,/cart,/product/102,add_to_cart,Tablet,Canada
950,2025-08-28T12:52:08,/offers,/product/101,click,Desktop,Germany
951,2025-08-28T12:51:52,/offers,/products,click,Tablet,India
952,2025-08-28T18:28:24,/home,/cart,pageview,Desktop,India
953,2025-08-28T14:39:34,/home,/product/103,add_to_cart,Desktop,Germany
954,2025-08-28T17:05:00,/product/103,/checkout,click,Tablet,UK
955,2025-08-28T09:36:20,/product/101,/offers,click,Tablet,India
956,2025-08-28T17:03:34,/products,/checkout,pageview,Tablet,Germany
957,2025-08-28T17:54:36,/cart,/checkout,click,Tablet,India
958,2025-08-28T10:34:30,/offers,/cart,add_to_cart,Mobile,UK
959,2025-08-28T10:31:18,/products,/offers,pageview,Tablet,UK
960,2025-08-28T10:32:09,/checkout,/product/102,click,Mobile,Canada
961,2025-08-28T11:26:44,/product/102,/product/103,click,Desktop,Germany
962,2025-08-28T13:32:48,/product/101,/product/101,pageview,Mobile,USA
963,2025-08-28T12:09:52,/cart,/product/103,add_to_cart,Mobile,USA
964,2025-08-28T12:08:46,/product/101,/cart,click,Mobile,USA
965,2025-08-28T13:14:28,/product/103,/product/101,pageview,Desktop,UK
966,2025-08-28T10:38:52,/product/102,/offers,pageview,Mobile,Germany
967,2025-08-28T10:23:48,/product/103,/home,add_to_cart,Tablet,Australia
968,2025-08-28T17:18:04,/checkout,/offers,pageview,Tablet,Germany
969,2025-08-28T16:27:12,/product/103,/product/101,pageview,Mobile,India
970,2025-08-28T16:26:59,/offers,/product/102,click,Tablet,Germany
971,2025-08-28T12:48:51,/checkout,/cart,click,Mobile,Germany
972,2025-08-28T11:05:42,/product/103,/product/103,add_to_cart,Mobile,Germany
973,2025-08-28T12:50:00,/checkout,/checkout,add_to_cart,Desktop,Canada
974,2025-08-28T12:51:00,/products,/products,pageview,Desktop,Germany
975,2025-08-28T16:14:22,/cart,/product/103,pageview,Tablet,Germany
976,2025-08-28T14:58:27,/product/102,/checkout,click,Mobile,UK
977,2025-08-28T14:59:12,/products,/product/102,pageview,Desktop,UK
978,2025-08-28T16:53:33,/product/102,/products,click,Tablet,Canada
979,2025-08-28T15:09:43,/offers,/home,click,Tablet,Germany
980,2025-08-28T17:35:44,/product/101,/offers,add_to_cart,Desktop,India
981,2025-08-28T09:09:36,/product/103,/checkout,click,Tablet,Australia
982,2025-08-28T15:59:42,/offers,/checkout,click,Desktop,USA
983,2025-08-28T09:07:42,/products,/products,add_to_cart,Mobile,India
984,2025-08-28T15:58:09,/checkout,/product/101,click,Tablet,USA
985,2025-08-28T09:09:56,/product/102,/product/103,pageview,Mobile,India
986,2025-08-28T14:23:27,/product/103,/checkout,add_to_cart,Desktop,Australia
987,2025-08-28T09:21:39,/cart,/product/101,add_to_cart,Desktop,USA
988,2025-08-28T12:00:42,/home,/home,pageview,Tablet,Australia
989,2025-08-28T18:36:42,/product/101,/checkout,add_to_cart,Desktop,Germany
990,2025-08-28T11:16:34,/products,/product/103,add_to_cart,Tablet,USA
991,2025-08-28T12:26:43,/cart,/product/102,add_to_cart,Mobile,UK
992,2025-08-28T12:29:50,/checkout,/product/101,add_to_cart,Mobile,UK
993,2025-08-28T16:14:49,/checkout,/product/101,click,Mobile,India
994,2025-08-28T15:27:36,/cart,/checkout,add_to_cart,Tablet,India
995,2025-08-28T11:19:22,/products,/home,click,Mobile,USA
996,2025-08-28T17:09:44,/products,/home,pageview,Tablet,UK
997,2025-08-28T16:15:44,/products,/checkout,add_to_cart,Tablet,Australia
998,2025-08-28T11:26:21,/cart,/checkout,click,Mobile,Canada
999,2025-08-28T16:59:40,/product/101,/cart,pageview,Tablet,Australia
1000,2025-08-28T09:10:35,/home,/product/101,pageview,Mobile,Canada
1001,2025-08-28T13:13:08,/product/101,/products,add_to_cart,Mobile,Canada
1002,2025-08-28T10:53:26,/products,/checkout,click,Desktop,UK
1003,2025-08-28T10:54:54,/offers,/product/103,pageview,Tablet,Germany
1004,2025-08-28T13:46:36,/offers,/home,add_to_cart,Tablet,Germany
1005,2025-08-28T15:24:16,/checkout,/product/103,add_to_cart,Mobile,Canada
1006,2025-08-28T13:45:52,/home,/products,add_to_cart,Desktop,USA
1007,2025-08-28T17:20:14,/cart,/offers,click,Tablet,USA
1008,2025-08-28T10:10:22,/product/102,/checkout,pageview,Desktop,Canada
1009,2025-08-28T12:52:55,/product/101,/product/102,click,Mobile,Germany
1010,2025-08-28T10:12:45,/product/102,/cart,add_to_cart,Tablet,India
1011,2025-08-28T17:39:55,/product/103,/cart,pageview,Tablet,India
1012,2025-08-28T15:12:39,/cart,/cart,pageview,Tablet,UK
1013,2025-08-28T15:11:00,/cart,/checkout,click,Tablet,USA
1014,2025-08-28T15:28:52,/checkout,/products,pageview,Tablet,Germany
1015,2025-08-28T09:09:07,/home,/product/101,add_to_cart,Desktop,UK
1016,2025-08-28T15:26:18,/products,/product/102,add_to_cart,Desktop,Australia
1017,2025-08-28T18:06:24,/home,/cart,pageview,Tablet,Australia
1018,2025-08-28T12:40:10,/offers,/products,pageview,Tablet,India
1019,2025-08-28T12:36:18,/product/103,/product/101,pageview,Mobile,USA
1020,2025-08-28T12:37:22,/product/101,/product/103,add_to_cart,Mobile,UK
1021,2025-08-28T12:41:48,/checkout,/offers,add_to_cart,Mobile,UK
1022,2025-08-28T17:36:00,/home,/product/101,click,Desktop,UK
1023,2025-08-28T17:35:36,/checkout,/home,pageview,Desktop,USA
1024,2025-08-28T09:44:48,/product/102,/checkout,click,Mobile,India
1025,2025-08-28T13:36:32,/cart,/product/102,pageview,Mobile,UK
1026,2025-08-28T13:25:28,/home,/products,pageview,Desktop,UK
1027,2025-08-28T12:58:30,/products,/product/103,add_to_cart,Tablet,Canada
1028,2025-08-28T09:16:22,/home,/cart,pageview,Tablet,USA
1029,2025-08-28T14:31:45,/checkout,/offers,pageview,Desktop,UK
1030,2025-08-28T09:13:34,/offers,/home,pageview,Mobile,Germany
1031,2025-08-28T18:53:45,/product/103,/cart,pageview,Tablet,India
1032,2025-08-28T18:51:45,/cart,/product/103,click,Tablet,Australia
1033,2025-08-28T18:52:32,/product/101,/product/103,pageview,Tablet,UK
1034,2025-08-28T18:51:50,/cart,/product/101,pageview,Desktop,India
1035,2025-08-28T15:08:00,/cart,/product/101,click,Mobile,Canada
1036,2025-08-28T17:33:10,/product/102,/product/102,pageview,Tablet,Australia
1037,2025-08-28T11:08:12,/offers,/product/101,pageview,Mobile,USA
1038,2025-08-28T17:41:17,/checkout,/checkout,add_to_cart,Mobile,UK
1039,2025-08-28T13:46:18,/home,/checkout,add_to_cart,Desktop,Australia
1040,2025-08-28T15:45:26,/checkout,/home,pageview,Mobile,Germany
1041,2025-08-28T13:51:00,/checkout,/offers,click,Mobile,UK
1042,2025-08-28T12:38:17,/products,/home,click,Tablet,Germany
1043,2025-08-28T12:58:30,/products,/checkout,add_to_cart,Mobile,UK
1044,2025-08-28T12:30:16,/product/102,/product/101,add_to_cart,Desktop,Canada
1045,2025-08-28T15:02:36,/cart,/cart,add_to_cart,Mobile,UK
1046,2025-08-28T15:04:21,/checkout,/checkout,add_to_cart,Mobile,Australia
1047,2025-08-28T13:33:00,/checkout,/checkout,pageview,Tablet,Australia
1048,2025-08-28T12:10:40,/product/103,/checkout,click,Mobile,Australia
1049,2025-08-28T17:31:20,/home,/product/101,click,Tablet,Germany
1050,2025-08-28T17:30:06,/product/101,/offers,pageview,Tablet,India
1051,2025-08-28T13:43:09,/product/102,/home,pageview,Mobile,UK
1052,2025-08-28T13:27:53,/checkout,/offers,add_to_cart,Tablet,Canada
1053,2025-08-28T13:14:52,/product/102,/offers,click,Mobile,India
1054,2025-08-28T16:42:27,/cart,/product/101,pageview,Tablet,Canada
1055,2025-08-28T15:32:21,/product/102,/offers,pageview,Mobile,Canada
1056,2025-08-28T18:24:39,/home,/offers,click,Tablet,Germany
1057,2025-08-28T15:21:52,/product/101,/home,click,Desktop,Germany
1058,2025-08-28T15:54:54,/offers,/offers,click,Desktop,USA
1059,2025-08-28T15:36:09,/home,/checkout,pageview,Mobile,USA
1060,2025-08-28T12:57:40,/products,/products,pageview,Desktop,India
1061,2025-08-28T15:37:16,/product/101,/product/103,click,Tablet,Germany
1062,2025-08-28T11:42:00,/products,/offers,click,Tablet,India
1063,2025-08-28T15:40:28,/home,/product/103,add_to_cart,Desktop,Germany
1064,2025-08-28T12:13:13,/product/101,/checkout,click,Tablet,Germany
1065,2025-08-28T11:10:10,/home,/product/103,pageview,Tablet,Germany
1066,2025-08-28T13:55:34,/cart,/product/102,click,Mobile,Australia
1067,2025-08-28T12:13:44,/product/103,/product/101,pageview,Mobile,Australia
1068,2025-08-28T13:56:57,/product/101,/product/103,click,Desktop,Australia
1069,2025-08-28T16:35:11,/offers,/products,click,Tablet,Germany
1070,2025-08-28T16:38:28,/product/101,/product/102,add_to_cart,Mobile,USA
1071,2025-08-28T11:44:06,/products,/cart,add_to_cart,Desktop,UK
1072,2025-08-28T11:44:51,/checkout,/products,pageview,Mobile,Canada
1073,2025-08-28T10:01:05,/offers,/product/103,add_to_cart,Mobile,USA
1074,2025-08-28T10:01:48,/home,/offers,add_to_cart,Tablet,Canada
1075,2025-08-28T15:22:30,/product/103,/products,add_to_cart,Tablet,USA
1076,2025-08-28T16:09:29,/offers,/product/101,pageview,Desktop,Germany
1077,2025-08-28T16:11:46,/cart,/product/101,pageview,Mobile,Australia
1078,2025-08-28T15:22:27,/cart,/product/103,pageview,Desktop,UK
1079,2025-08-28T16:11:14,/product/103,/cart,pageview,Desktop,USA
1080,2025-08-28T16:08:30,/cart,/cart,click,Tablet,Australia
1081,2025-08-28T16:08:18,/cart,/checkout,click,Mobile,India
1082,2025-08-28T09:23:27,/product/101,/cart,click,Desktop,UK
1083,2025-08-28T16:08:55,/checkout,/product/101,click,Tablet,India
1084,2025-08-28T18:48:00,/cart,/product/102,click,Desktop,Germany
1085,2025-08-28T18:47:21,/checkout,/products,click,Tablet,Germany
1086,2025-08-28T16:21:42,/checkout,/cart,click,Mobile,UK
1087,2025-08-28T09:30:10,/home,/product/103,click,Mobile,UK
1088,2025-08-28T09:30:56,/product/102,/checkout,pageview,Desktop,Canada
1089,2025-08-28T16:24:12,/product/102,/product/101,add_to_cart,Desktop,UK
1090,2025-08-28T12:49:41,/product/103,/offers,click,Tablet,USA
1091,2025-08-28T09:06:50,/home,/cart,click,Mobile,Australia
1092,2025-08-28T14:19:14,/product/103,/product/102,pageview,Mobile,India
1093,2025-08-28T14:20:15,/home,/product/103,pageview,Mobile,Australia
1094,2025-08-28T10:34:24,/product/103,/product/103,pageview,Desktop,USA
1095,2025-08-28T09:33:40,/product/101,/products,click,Tablet,USA
1096,2025-08-28T14:55:51,/checkout,/product/101,add_to_cart,Tablet,India
1097,2025-08-28T13:25:36,/home,/offers,pageview,Desktop,Australia
1098,2025-08-28T14:55:32,/offers,/checkout,pageview,Desktop,UK
1099,2025-08-28T13:26:12,/product/102,/product/103,click,Tablet,Canada
1100,2025-08-28T14:28:44,/home,/product/101,add_to_cart,Desktop,UK
1101,2025-08-28T14:28:16,/home,/checkout,pageview,Mobile,USA
1102,2025-08-28T12:18:12,/home,/cart,click,Tablet,UK
1103,2025-08-28T11:57:38,/product/103,/products,pageview,Desktop,India
1104,2025-08-28T18:30:26,/offers,/checkout,add_to_cart,Mobile,USA
1105,2025-08-28T16:05:37,/product/103,/product/103,pageview,Tablet,India
1106,2025-08-28T12:18:46,/cart,/checkout,pageview,Mobile,USA
1107,2025-08-28T16:06:33,/cart,/product/101,add_to_cart,Tablet,Germany
1108,2025-08-28T12:21:28,/product/101,/product/102,click,Mobile,USA
1109,2025-08-28T10:48:13,/product/103,/products,add_to_cart,Tablet,Canada
1110,2025-08-28T10:30:46,/checkout,/product/101,add_to_cart,Tablet,Australia
1111,2025-08-28T14:00:14,/home,/product/103,pageview,Tablet,Canada
1112,2025-08-28T10:32:24,/product/101,/product/101,pageview,Tablet,UK
1113,2025-08-28T15:15:00,/product/103,/home,click,Tablet,UK
1114,2025-08-28T09:53:49,/cart,/product/103,click,Mobile,USA
1115,2025-08-28T14:15:38,/checkout,/product/102,add_to_cart,Desktop,UK
1116,2025-08-28T18:06:48,/checkout,/home,add_to_cart,Tablet,USA
1117,2025-08-28T14:15:14,/product/102,/product/101,pageview,Mobile,USA
1118,2025-08-28T14:18:28,/product/101,/offers,pageview,Tablet,Canada
1119,2025-08-28T14:20:08,/product/102,/product/103,pageview,Mobile,UK
1120,2025-08-28T11:18:58,/product/101,/cart,pageview,Mobile,Germany
1121,2025-08-28T12:01:16,/product/103,/product/103,pageview,Mobile,USA
1122,2025-08-28T15:53:50,/cart,/product/101,add_to_cart,Desktop,UK
1123,2025-08-28T16:05:40,/products,/products,pageview,Desktop,Australia
1124,2025-08-28T12:53:36,/product/102,/cart,add_to_cart,Desktop,UK
1125,2025-08-28T15:44:47,/checkout,/product/102,click,Desktop,Canada
1126,2025-08-28T10:24:35,/products,/cart,pageview,Mobile,Australia
1127,2025-08-28T12:45:06,/checkout,/products,click,Mobile,Australia
1128,2025-08-28T12:46:30,/checkout,/product/102,click,Mobile,USA
1129,2025-08-28T12:50:00,/product/102,/checkout,pageview,Desktop,USA
1130,2025-08-28T12:48:28,/checkout,/checkout,add_to_cart,Tablet,Germany
1131,2025-08-28T10:02:54,/checkout,/product/101,click,Tablet,USA
1132,2025-08-28T12:37:38,/product/103,/product/102,add_to_cart,Mobile,USA
1133,2025-08-28T18:57:50,/cart,/product/102,pageview,Mobile,Canada
1134,2025-08-28T18:53:24,/product/101,/cart,add_to_cart,Tablet,UK
1135,2025-08-28T15:06:44,/product/101,/product/102,click,Tablet,India
1136,2025-08-28T10:01:10,/product/101,/product/102,click,Desktop,Australia
1137,2025-08-28T15:26:55,/cart,/products,pageview,Mobile,Canada
1138,2025-08-28T12:37:39,/product/103,/product/103,pageview,Mobile,Canada
1139,2025-08-28T16:29:28,/offers,/home,pageview,Tablet,Australia
